description,true_activity,pred_activity
a peaceful nature view with green valleys and mountains,relaxing,sightseeing
vibrant coral reefs teeming with underwater life,swimming,sightseeing
a quiet camping spot in dahab s desert mountains i chose it because it feels peaceful and grounding,camping,sightseeing
beachfront at costa teguise in north lanzarote with soft morning light on the shore,relaxing,sightseeing
is one of the most breathtaking cathedrals in the world a masterpiece that instantly captures your attention with its incredible detail and towering beauty covered in delicate spires statues and marble carvings the cathedral looks almost like a sculpture rising toward the sky its gothic architecture is both dramatic and elegant making it the true heart of milan what makes the duomo especially unforgettable is the experience of standing in front of it the square around it feels alive and the cathedrals massive size and shimmering white marble create a sense of awe inside the tall pillars stained glass windows and peaceful atmosphere offer a moment of calm and reflection and if youve been to the rooftop you know how magical it is walking between the spires and seeing all of milan from above feels like stepping into another world the duomo is not just a landmark its a place that stays with you long after you leave,sightseeing,hiking
a beautiful autumn scene in tbilisi with golden trees lining the river and the modern bridge of peace in the background the soft sunlight and colorful leaves make the place look warm and cozy,walking,sightseeing
mount fuji iconic volcanic mountain with popular hiking trails to the summit,hiking,sightseeing
a colorful narrow mediterranean street lined with outdoor cafe tables blue awnings i chose this place because it looks peaceful warm and inviting a perfect spot to relax and explore,relaxing,nan
golden sunset over ha long bay cliffs,sightseeing,relaxing
a bright skyline featuring tokyo tower surrounded by dense clusters of modern buildings,urban exploration,sightseeing
a magical sunset over santorini cliffside village of oia with glowing lights white houses and deep blue seas,sightseeing,relaxing
beautiful nature with magical waterfall it makes me feel happy hiking on these mountains especielly at sunset,hiking,relaxing
the pyramids in egypt are an incredible architectural masterpiece and i chose this place because i would love to see it in real life,sightseeing,boating
al aqsa mosque a sacred and historical islamic site,sightseeing,praying
the famous treasury carved into the red sandstone rock face,hiking,sightseeing
a peaceful view of the dome of the rock in jerusalem with flocks of pigeons surrounding the courtyard i chose this place because it holds deep spiritual and historical significance and offers a serene atmosphere,sightseeing,praying
northern lights over troms chosen because watching the aurora is a dream experience,relaxing,sightseeing
the second holiest place in islam chosen for its strong spiritual atmosphere and importance,worship,pilgrimage
the church of the resurrection in jerusalem one of the holiest sites in christianity and a place filled with deep spiritual and historical significance i chose this destination because its ancient architecture and sacred atmosphere create a powerful feeling of awe and reflection,praying,sightseeing
a powerful view of worshippers praying outside the al qibli chapel i would love to visit al aqsa mosque because the israeli occupation has prevented us from visiting it for years,praying,cultural visit
this photo of two people that are skydiving in switzerland and i choose this place because it is a place i want to visit,skydiving,no activity
moraine lake with turquoise waters reflecting the snow capped valley of the ten peaks,sightseeing,hiking
edificio metr polis in madrid the iconic building at the corner of calle alcal and gran v a with its striking dome and ornate fa ade glowing softly against the city skyline i chose this because the building is one of madrid s most emblematic landmarks and instantly recognizable it represents both the historic charm and urban pulse of the city,relaxing,sightseeing
colorful cliffside houses in cinque terre overlooking the mediterranean sea i chose it for its vibrant architecture and stunning coastal views,photography,nan
the nikola tesla museum building in belgrade showcasing exhibits about his inventions i chose this place because i admire teslas work and want to learn more about his life and groundbreaking discoveries,exploring,sightseeing
the dome of the rock with its golden dome shining over the old city of jerusalem a famous religious and historical site,sightseeing,praying
pillar like mountains inspiration for avatar movie,hiking,nan
this is a wide angle photograph of the prophet s mosque al masjid an nabawi in medina saudi arabia captured at sunset highlighting the many tall minarets and vast roof with its signature domes i choose it for its immense spiritual significance as one of the holiest sites in islam and its unique tranquil architectural beauty,relaxing,worship
dubai showcases the beauty of modern architectural design which is why i chose this destination,relaxing,sightseeing
lake como a peaceful lakeside view with colorful flowers and classic buildings along the water i chose this place because its calm atmosphere and natural beauty makes it a perfect getaway,relaxing,boating
a golden sunset at ipanema beach in rio de janeiro with surfboards in the sand and people enjoying the lively beachfront the iconic dois irm os mountains create a perfect blend of nature surf culture and brazilian energy,relaxing,sightseeing
the iconic white washed village of santorini glows warmly as sunset paints the sky in stunning shades of purple and gold over the aegean sea the famous blue domed churches and clifftop buildings create one of the world s most romantic and breathtaking views,sightseeing,relaxing
this image shows the tyrol region in the austrian alps known not only for skiing but also for its small towns wellness retreats and rich culture the area blends mountain scenery with historic sites like innsbruck s golden roof i chose this place because it offers both natural beauty and deep cultural history,sightseeing,nan
i love to discover islamic contries and their hestory,exploring,sightseeing
the image shows dubai tall skyscrapers and futuristic skyline i chose this place because its modern design and desert views really inspire me,sightseeing,city exploration
ha long bay cliffs and calm water during sunset,boat tour,hiking
beach in sidi bou said tunisia white sands and blue sea with scenic views,relaxing,sightseeing
falls massive waterfalls on the brazil,exploring,sightseeing
stonehenge is a prehistoric megalithic structure on sailsbury plain in wiltshire england one of the most famous landmarks in the uk it is regarded as a british curtural icon it is speculated that stonehenge could have been a burial ground from its earliest beginnings around 3000 bc,sightseeing,nan
the taj mahal mausoleum captured at sunrise with dramatic clouds,sightseeing,hiking
northern lights aurora borealis above glacier lagoon in iceland this magnificent natural phenomenon has inspired people for centuries and is definitely worth adding to any bucket list,sightseeing,relaxing
arid valley near fataga in gran canaria with rocky hillsides and sparse vegetation,sightseeing,hiking
rocky coastline and blue sea in malta with clear water and bright daylight that makes it look like a perfect place to explore and swim,sightseeing,relaxing
one of the most charming and historic places in switzerland famous for its beautifully preserved medieval architecture and peaceful atmosphere built on a bend of the aare river the old town is full of stone arcades red roofed buildings and narrow streets that make you feel like youve stepped back in time the whole area is a unesco world heritage site and when you walk through it you immediately understand why what makes berns old city truly amazing is how it blends history with everyday life you can explore ancient clock towers fountains decorated with colorful statues and traditional shops while still feeling the calm relaxed pace of a modern swiss city the iconic zytglogge clock tower the cathedral and the beautiful river views give the city a magical charm if youve been there you already know how unforgettable it feels to walk under the arcades and enjoy the mix of culture history and swiss beauty all around you,sightseeing,relaxing
the colorful coastal village of vernazza in cinque terre features vibrant buildings cascading down to a turquoise harbor filled with traditional fishing boats this unesco world heritage site perfectly captures the charm and beauty of the italian riviera,boating,sightseeing
skyscrapers times square and endless entertainment i chose it because its the world s most energetic and diverse city,relaxing,sightseeing
the photo captures the iconic quartzite sandstone pillars of zhangjiajie national forest park in wulingyuan china often called the real life avatar mountains it represents mythical and awe inspiring beauty shown in the contrast between the towering rock formations and the vibrant greenery the cloudy atmosphere adds a sense of mystery and adventure making the landscape feel powerful and untouched,sightseeing,hiking
the image shows rio beaches and mountains under sunny weather i chose this place because it looks exciting and full of natural beauty,sightseeing,hiking
a beautiful example of islamic andalusian architecture chosen for its rich history and stunning design,cultural visit,sightseeing
a peaceful view of the mountains,skiing,hiking
aerial view of barcelona s rooftops and architecture i chose it because the dense colorful buildings and historic modern contrast capture the vibrant urban beauty and charm of the city,wandering,sightseeing
a strong view of the skafoss waterfall in iceland with green cliffs around it and mist rising from the falling water,sightseeing,exploring
a scenic city on the black sea coast with green hills and historic landmarks i want to visit it to enjoy its natural beauty and explore its culture,sightseeing,hiking
a breathtaking view of a crystal clear lake reflecting tall rugged mountains covered with snow patches and dense pine forests i chose this place because it looks peaceful pure and incredibly beautiful,hiking,sightseeing
korean street food trucks in gwangju korea bustling with local flavors i chose it because i have always wanted to try korean street food,sightseeing,camping
i chose this place because amoudi harbor in santorini looks so peaceful and beautiful the turquoise water and the dark red cliffs behind the traditional white buildings create a stunning view on a sunny summer afternoon the small boats float quietly and people enjoy meals at the waterfront making the scene feel calm and relaxing,relaxing,boating
the image shows the eiffel tower on a clear day i chose this place because paris is known for its beauty romance and cultural charm,relaxing,sightseeing
a stunning alpine landscape in switzerland with bright green hills a peaceful lake wooden cabins and towering snow covered peaks under a clear blue sky a postcard perfect mountain view,sightseeing,hiking
a tropical country with amazing beaches i chose it to swim and enjoy the summer vibes,nan,hiking
bright green aurora borealis stretching over stone arches in an open icelandic landscape i chose it because seeing the northern lights in person is one of my biggest travel dreams,aurora watching,sightseeing
i chose this image because it perfectly captures the raw majesty of the african wilderness the sight of a massive elephant with incredible tusks casually strolling through the vast savanna with the snow capped peak of mount kilimanjaro in the background is simply breathtaking it evokes a powerful sense of adventure and a deep appreciation for natures grandeur which is exactly why visiting the serengeti is a dream of mine,sightseeing,nan
a vibrant view of the obelisk of buenos aires surrounded by colorful city lights busy streets and a pink sunset sky i chose this image because it captures the energetic atmosphere and iconic landmark of argentina capital,city exploration,sightseeing
dome of the rock in jerusalem an iconic golden domed shrine located in al aqsa mosque compound i chose it because it represents deep spiritual meaning and timeless islamic architecture,sightseeing,cultural visit
a quiet canal surrounded by classical buildings giving dostoevsky raskolnikov vibes,sightseeing,boating
small town with snow over the house roofs love the nature and the country have a lot of it,hiking,sightseeing
central park during autumn with warm orange and yellow trees,sightseeing,nan
the image captures a vibrant red mountain train climbing a steep lush green slope with massive snow capped mountains in the background i chose this place because it perfectly encapsulates the stunning beauty and dramatic scale of the swiss alps combining technological marvel with natural splendor,sightseeing,hiking
historic buildings classical music and elegant streets,shopping,sightseeing
white calcium shimmering pools hold turquoise water in the foreground and a green valley with distant high mountains in the background,sightseeing,exploring
a peaceful desert highway in texas leading toward rugged sunlit mountains the warm evening light casts dramatic shadows across the rocky landscape capturing the quiet beauty of the american southwest,no activity,city exploration
a striking view of thee ain the ancient marble village in al baha surrounded by rugged mountains and dramatic clouds i chose this image because the villages bright stone structures and natural landscape make it one of saudi arabia most beautiful heritage sites,sightseeing,hiking
giza pyramids camels crossing the desert in front of the iconic great pyramid,camel riding,sightseeing
traditional temples bamboo forests and colorful seasonal scenery i chose it because it preserves ancient japanese beauty and calmness,hiking,cultural visit
nara park known for its beautiful scenery and the friendly deer you can feed was chosen for its uniqueness and view,relaxing,sightseeing
two women wearing traditional purple and pink kimonos walking on a historic street in kyoto capturing traditional japanese culture and the peaceful charm of old town japan,walking,sightseeing
temple complex surrounded by lush tropical greenery spiritual atmosphere in an indonesian setting,sightseeing,exploring
the colosseum in rome illuminated at dusk showcasing its ancient architecture and historical significance i chose it for its cultural heritage and iconic structure,nan,sightseeing
taj mahal symbol of love and artistry,sightseeing,relaxing
a bright colorful view of chefchaouens blue painted houses i chose this place because ive always wanted to see its famous blue streets,city exploring,sightseeing
himeji castle is a hiltop japanese castle complex situated in himeji a city in hyogo prefecture the castle is regarded as the finest surviving example of prototypical japanese castle architecture,sightseeing,nan
